nome_empresa;nome_pregao;nome_bonito
521 PARTICIPACOES S.A.;521 PARTICIP;521 PARTICIPACOES
524 PARTICIPACOES S.A.;524 PARTICIP;524 PARTICIPACOES
ABRIL EDUCACAO S.A.;ABRIL EDUCA;Editora Abril
AES ELPA S.A.;AES ELPA;Eletropaulo
AES SUL DISTRIB GAUCHA DE ENERGIA S.A.;AES SUL;AES SUL
AES TIETE S.A.;AES TIETE;AES TIETE
AETATIS SECURITIZADORA S.A.;AETATIS SEC;AETATIS
AFLUENTE GERACAO DE ENERGIA ELETRICA S.A.;AFLUENTE;Afluente G
AFLUENTE TRANSMISSAO DE ENERGIA ELETRICA S/A;AFLUENTE T;AFLUENTE T
AGRENCO LTD.;AGRENCO;AGRENCO
ALEF S.A.;ALEF S/A;ALEF
ALFA HOLDINGS S.A.;ALFA HOLDING;ALFA HOLDINGS
ALIANSCE SHOPPING CENTERS S.A.;ALIANSCE;ALIANSCE, SHOPPINGS, SHOPPING
ALL - AMERICA LATINA LOGISTICA MALHA NORTE S.A.;ALL NORTE;All Malha Norte
ALL - AMERICA LATINA LOGISTICA MALHA PAULISTA S.A.;ALL PAULISTA;All Malha Paulista
ALL AMERICA LATINA LOGISTICA S.A.;ALL AMER LAT;ALL, AMERICA LATINA, LOGISTICA
ALL ORE MINERACAO S.A.;ALL ORE;Allore
ALLIS PARTICIPACOES S.A.;ALLIS PART;ALLIS Participações
ALPARGATAS S.A.;ALPARGATAS;Alpargatas
ALTERE SECURITIZADORA S.A.;ALTERE SEC;Altere Securitizadora
ALTUS SISTEMA DE AUTOMACAO S.A.;ALTUS S/A;ALTUS, SISTEMA DE AUTOMACAO
ALUPAR INVESTIMENTOS S/A;ALUPAR;Alupar Investimentos
AMPLA ENERGIA E SERVICOS S.A.;AMPLA ENERG; Ampla Energia e Serviços
ANDRADE GUTIERREZ CONCESSOES S.A.;AGCONCESSOES;ANDRADE GUTIERREZ CONCESSOES
ANDRADE GUTIERREZ PARTICIPACOES S.A.;AGPART;ANDRADE GUTIERREZ PARTICIPACOES
ANHANGUERA EDUCACIONAL PARTICIPACOES S.A;ANHANGUERA;ANHANGUERA EDUCACIONAL
AQUILLA SECURITIZADORA S.A.;AQUILLA SEC;AQUILLA SECURITIZADORA
ARAUCARIA PARTICIPACOES S.A.;ARAUCARIA;ARAUCARIA PARTICIPACOES
AREZZO INDUSTRIA E COMERCIO S.A.;AREZZO CO;Arezzo
ARTERIS S.A.;ARTERIS;ARTERIS
ASTER SECURITIZADORA S.A.;ASTER SEC;ASTER SECURITIZADORA
AUTOMETAL S.A.;AUTOMETAL;AUTOMETAL
AZEVEDO E TRAVASSOS S.A.;AZEVEDO;AZEVEDO E TRAVASSOS, Engenharia
B.I. CIA SECURITIZADORA S.A.;BI CIA SEC;BI Invest
B2W - COMPANHIA DIGITAL;B2W DIGITAL;B2W DIGITAL
BAESA - ENERGETICA BARRA GRANDE S.A.;BAESA;BAESA
BAHEMA S.A.;BAHEMA;Bahema Participações
BANDEIRANTE ENERGIA S.A.;EBE;BANDEIRANTE ENERGIA
BANESTES S.A. - BCO EST ESPIRITO SANTO;BANESTES;BANESTES
BARDELLA S.A. INDUSTRIAS MECANICAS;BARDELLA;BARDELLA
BASEL PARTICIPACOES S.A.;BASEL;BASEL PARTICIPACOES
BATTISTELLA ADM PARTICIPACOES S.A.;BATTISTELLA;BATTISTELLA
BAUMER S.A.;BAUMER;BAUMER
BB SEGURIDADE PARTICIPACAOES S.A.;BBSEGURIDADE;BB SEGURIDADE
BCO ABC BRASIL S.A.;ABC BRASIL;Banco Abc
BCO ALFA DE INVESTIMENTO S.A.;ALFA INVEST;BANCO ALFA
BCO AMAZONIA S.A.;AMAZONIA;Banco da Amazonia
BCO BRADESCO S.A.;BRADESCO;BRADESCO
BCO BRASIL S.A.;BRASIL;BANCO BRASIL
BCO BTG PACTUAL S.A.;BTGP BANCO;BTG Pactual
BCO DAYCOVAL S.A.;DAYCOVAL;Banco Daycoval
BCO ESTADO DE SERGIPE S.A. - BANESE;BANESE;BANESE
BCO ESTADO DO PARA S.A.;BANPARA;BANPARA
BCO ESTADO DO RIO GRANDE DO SUL S.A.;BANRISUL;BANRISUL
BCO INDUSTRIAL E COMERCIAL S.A.;BICBANCO;BanCO INDUSTRIAL E COMERCIAL
BCO INDUSVAL S.A.;INDUSVAL;banco indusval
BCO MERCANTIL DE INVESTIMENTOS S.A.;MERC INVEST;BanCO MERCANTIL DE INVESTIMENTOS
BCO MERCANTIL DO BRASIL S.A.;MERC BRASIL;BanCO MERCANTIL DO BRASIL
BCO NORDESTE DO BRASIL S.A.;NORD BRASIL;Banco do Nordeste
BCO PANAMERICANO S.A.;PANAMERICANO;Banco Panamericano
BCO PATAGONIA S.A.;PATAGONIA;Banco Patagonia
BCO PINE S.A.;PINE;Banco Pine
BCO SANTANDER (BRASIL) S.A.;SANTANDER BR;Santander
BCO SOFISA S.A.;SOFISA;Banco Sofisa
BELAPART S.A.;BELAPART;BELAPART
BEMATECH S.A.;BEMATECH;BEMATECH
BERNA PARTICIPACOES S.A.;BERNA;Berna Participações
BETA SECURITIZADORA S.A.;BETA SECURIT;BETA SECURITIZADORA
BETAPART PARTICIPACOES S.A.;BETAPART;BETAPART PARTICIPACOES
BHG S.A. - BRAZIL HOSPITALITY GROUP;BHG;BRAZIL HOSPITALITY GROUP
BIC ARRENDAMENTO MERCANTIL S.A.;BICLEASING;ARRENDAMENTO MERCANTIL
BICICLETAS MONARK S.A.;BIC MONARK;MONARK
BIOMM S.A.;BIOMM;BIOMM
BIOSEV S.A.;BIOSEV;Biosev
BMFBOVESPA S.A. BOLSA VALORES MERC FUT;BMFBOVESPA;BM&FBOVESPA
BNDES PARTICIPACOES S.A. - BNDESPAR;BNDESPAR;BNDES
BOMBRIL S.A.;BOMBRIL;BOMBRIL
BONAIRE PARTICIPACOES S.A.;BONAIRE PART;Bonaire
BPMB I PARTICIPACOES S.A.;BPMB I PART;BPMB
BR MALLS PARTICIPACOES S.A.;BR MALLS PAR;BRMALLS
BR PROPERTIES S.A.;BR PROPERT;BR PROPERTIES
BRADESCO LEASING S.A. ARREND MERCANTIL;BRADESCO LSG;Bradesco Leasing
BRADESPAR S.A.;BRADESPAR;BRADESPAR
BRASIL AGROSEC COMPANHIA SECURITIZADORA;AGROSEC;Brasil Agrosec
BRASIL BROKERS PARTICIPACOES S.A.;BR BROKERS;BRASIL BROKERS
BRASIL FOODSERVICE GROUP S.A. - BFG;PORCAO;BFG, Brasil Foodservice
BRASIL INSURANCE PARTICIPACOES E ADMINISTRACAO S.A;BR INSURANCE;Brasil INSURANCE
BRASIL PHARMA S.A.;BR PHARMA;Brasil PHARMA
BRASILAGRO - CIA BRAS DE PROP AGRICOLAS;BRASILAGRO;BRASILAGRO
BRASKEM S.A.;BRASKEM;BRASKEM
BRASMOTOR S.A.;BRASMOTOR;BRASMOTOR
BRAZIL REALTY CIA SECURIT. CRED. IMOBILIARIOS;BRAZIL REALT;BRAZIL REALTy
BRAZILIAN FINANCE E REAL ESTATE S.A.;BRAZILIAN FR;BRAZILIAN FINANCE
BRAZILIAN SECURITIES CIA SECURITIZACAO;BRAZILIAN SC;BRAZILIAN SECURITIES
BRB BCO DE BRASILIA S.A.;BRB BANCO;Banco de Brasília
BRC SECURITIZADORA S.A.;BRC SECURIT;BRC SECURITIZADORA
BRF S.A.;BRF SA;BRF
BROOKFIELD INCORPORACOES S.A.;BROOKFIELD;BROOKFIELD INCORPORACOES
BRPR 44 SECURITIZADORA CRED IMOB S.A.;BRPR 44 SEC;BRPR 44
BRPR 45 SECURITIZADORA CRED IMOB S.A.;BRPR 45 SEC;BRPR 45
BRPR 46 SECURITIZADORA CRED IMOB S.A.;BRPR 46 SEC;BRPR 46
BRPR 51 SECURITIZADORA CRED IMOB S.A.;BRPR 51 SEC;BRPR 51
BRPR 52 SECURITIZADORA CRED IMOB S.A.;BRPR 52 SEC;BRPR 52
BRPR 53 SECURITIZADORA CRED IMOB S.A.;BRPR 53 SEC;BRPR 53
BRPR 55 SECURITIZADORA CRED IMOB S.A.;BRPR 55 SEC;BRPR 55
BRPR 56 SECURITIZADORA CRED IMOB S.A.;BRPR 56 SEC;BRPR 56
BRT HOLDING 1 S.A.;BELMONTE;BELMONTE
BTG PACTUAL PARTICIPATIONS. LTD.;BTG PACTUAL;BTG Pactual
BTG PACTUAL SECURITIZADORA S.A.;BTG PACT SEC;BTG PACTUAL SECURITIZADORA
BUETTNER S.A. INDUSTRIA E COMERCIO;BUETTNER;BUETTNER
BV LEASING - ARRENDAMENTO MERCANTIL S.A.;BV LEASING;BANCO VOTORANTI
CABINDA PARTICIPACOES S.A.;CABINDA PART;CABINDA
CACHOEIRA PAULISTA TRANSMISSORA ENERGIA S.A.;CACHOEIRA;CACHOEIRA PAULISTA
CACONDE PARTICIPACOES S.A.;CACONDE PART;CACONDE
CAFE SOLUVEL BRASILIA S.A.;CAF BRASILIA;CAFE SOLUVEL BRASILIA
CAGECE - CIA DE AGUA E ESGOTO DO CEARA;CAGECE;CAGECE
CAIANDA PARTICIPACOES S.A.;CAIANDA PART;CAIANDA
CAMBUCI S.A.;CAMBUCI;CAMBUCI
CAPITALPART PARTICIPACOES S.A.;CAPITALPART;CAPITALPART
CCR S.A.;CCR SA;CCR
CCX CARVAO DA COLOMBIA S.A.;CCX CARVAO;CCX
CELULOSE IRANI S.A.;CELUL IRANI;CELULOSE IRANI
CEMEPE INVESTIMENTOS S.A.;CEMEPE;CEMEPE
CEMIG DISTRIBUICAO S.A.;CEMIG DIST;CEMIG
CEMIG GERACAO E TRANSMISSAO S.A.;CEMIG GT;CEMIG GERACAO E TRANSMISSAO
CENTENNIAL ASSET PARTICIP.MINAS-RIO S.A.;CENT MIN-RIO;CENTENNIAL, MINAS-RIO
CENTENNIAL ASSET PARTICIPACOES ACU S.A.;CENT ACU;CENTENNIAL, ACU
CENTRAIS ELET BRAS S.A. - ELETROBRAS;ELETROBRAS;ELETROBRAS
CENTRAIS ELET DE SANTA CATARINA S.A.;CELESC;CELESC
CENTRAIS ELET DO PARA S.A. - CELPA;CELPA;CELPA
CENTRAIS ELET MATOGROSSENSES S.A.- CEMAT;CEMAT;CEMAT
CERAMICA CHIARELLI S.A.;CHIARELLI;CHIARELLI
CESP - CIA ENERGETICA DE SAO PAULO;CESP;CESP
CETIP S.A. - MERCADOS ORGANIZADOS;CETIP;CETIP
CIA BEBIDAS DAS AMERICAS - AMBEV;AMBEV;AMBEV
CIA BRASILEIRA DE DISTRIBUICAO;P.ACUCAR-CBD;GPA
CIA BRASILIANA DE ENERGIA;BRASILIANA;BRASILIANA
CIA CACIQUE DE CAFE SOLUVEL;CACIQUE;CACIQUE DE CAFE
CIA CATARINENSE DE AGUAS E SANEAM.-CASAN;CASAN;CASAN
CIA CELG DE PARTICIPACOES - CELGPAR;CELGPAR;CELGPAR
CIA DISTRIB DE GAS DO RIO DE JANEIRO-CEG;CEG;CEG RIO
CIA DOCAS DE IMBITUBA;DOC IMBITUBA;PORTO DE UMBITUBA
CIA ELETRICIDADE EST. DA BAHIA - COELBA;COELBA;COELBA
CIA ENERGETICA DE BRASILIA;CEB;CEB
CIA ENERGETICA DE MINAS GERAIS - CEMIG;CEMIG;CEMIG
CIA ENERGETICA DE PERNAMBUCO - CELPE;CELPE;CELPE
CIA ENERGETICA DO CEARA - COELCE;COELCE;COELCE
CIA ENERGETICA DO MARANHAO - CEMAR;CEMAR;CEMAR
CIA ENERGETICA DO RIO GDE NORTE - COSERN;COSERN;COSERN
CIA ESTADUAL DE DISTRIB ENER ELET-CEEE-D;CEEE-D;CEEE-D
CIA ESTADUAL GER.TRANS.ENER.ELET-CEEE-GT;CEEE-GT;CEEE-GT
CIA FERRO LIGAS DA BAHIA - FERBASA;FERBASA;FERBASA
CIA FIACAO TECIDOS CEDRO CACHOEIRA;CEDRO;CEDRO CACHOEIRA
CIA GAS DE SAO PAULO - COMGAS;COMGAS;COMGAS
CIA HABITASUL DE PARTICIPACOES;HABITASUL;HABITASUL
CIA HERING;CIA HERING;HERING
CIA IGUACU DE CAFE SOLUVEL;IGUACU CAFE;CAFE IGUACU
CIA INDUSTRIAL CATAGUASES;IND CATAGUAS;CATAGUAS
CIA INDUSTRIAL SCHLOSSER S.A.;SCHLOSSER;SCHLOSSER
CIA MELHORAMENTOS DE SAO PAULO;MELHOR SP;COMPANHIA MELHORAMENTO
CIA PARANAENSE DE ENERGIA - COPEL;COPEL;COPEL
CIA PARTICIPACOES ALIANCA DA BAHIA;PAR AL BAHIA;PARTICIPACOES ALIANCA
CIA PAULISTA DE FORCA E LUZ;PAUL F LUZ;CPFL PAULISTA
CIA PIRATININGA DE FORCA E LUZ;CPFL PIRATIN;CPFL PIRATININGA
CIA PROVIDENCIA INDUSTRIA E COMERCIO;PROVIDENCIA;PROVIDENCIA
CIA SANEAMENTO BASICO EST SAO PAULO;SABESP;SABESP
CIA SANEAMENTO DE MINAS GERAIS-COPASA MG;COPASA;COPASA
CIA SANEAMENTO DO PARANA - SANEPAR;SANEPAR;SANEPAR
CIA SEGUROS ALIANCA DA BAHIA;SEG AL BAHIA;Companhia de Seguros Aliança da Bahia
CIA SIDERURGICA NACIONAL;SID NACIONAL;CSN
CIA TECIDOS NORTE DE MINAS COTEMINAS;COTEMINAS;COTEMINAS
CIA TECIDOS SANTANENSE;SANTANENSE;TECIDOS SANTANENSE
CIA TELECOMUNICACOES DO BRASIL CENTRAL;CTBC TELECOM;TELECOM
CIELO S.A.;CIELO;cielo
CIMS S.A.;CIMS;CIMS
CLARION S.A. AGROINDUSTRIAL;CLARION;CLARION AGROINDUSTRIAL
COBRASMA S.A.;COBRASMA;COBRASMA
COMPANHIA DE AGUAS DO BRASIL - CAB AMBIENTAL;CABAMBIENTAL;CAB AMBIENTAL
COMPANHIA DE LOCACAO DAS AMERICAS;LOCAMERICA;LOCAMERICA
CONC ROD AYRTON SENNA E CARV PINTO S.A.-ECOPISTAS;ECOPISTAS;ECOPISTAS
CONC ROD OSORIO-PORTO ALEGRE S.A-CONCEPA;CONCEPA;CONCEPA
CONC SIST ANHANG-BANDEIRANT S.A. AUTOBAN;AUTOBAN;CONCESSIONARIA AUTOBAN
CONCESSIONARIA AUTO RAPOSO TAVARES S.A.;CONC RAPOSO;CONCESSIONARIA AUTO RAPOSO
CONCESSIONARIA ECOVIAS IMIGRANTES S.A.;ECOVIAS;CONCESSIONARIA ECOVIAS
CONCESSIONARIA RIO-TERESOPOLIS S.A.;CONC RIO TER;CONCESSIONARIA RIO
CONCESSIONARIA ROD.OESTE SP VIAOESTE S.A;VIAOESTE;CONCESSIONARIA VIAOESTE
CONCESSIONARIA RODOVIA PRES. DUTRA S.A.;NOVADUTRA;CONCESSIONARIA NOVADUTRA
CONCESSIONARIA RODOVIAS DO TIETE S.A.;ROD TIETE;RODOVIAS DO TIETE
CONCESSIONARIA ROTA DAS BANDEIRAS S.A.;RT BANDEIRAS;ROTA BANDEIRAS
CONSERVAS ODERICH S.A.;ODERICH;CONSERVAS ODERICH
CONSORCIO ALFA DE ADMINISTRACAO S.A.;ALFA CONSORC;CONSORCIO ALFA
CONSTRUTORA ADOLPHO LINDENBERG S.A.;CONST A LIND;CONSTRUTORA ADOLPHO
CONSTRUTORA BETER S.A.;CONST BETER;CONSTRUTORA BETER
CONSTRUTORA LIX DA CUNHA S.A.;LIX DA CUNHA;CONSTRUTORA LIX
CONSTRUTORA SULTEPA S.A.;SULTEPA;CONSTRUTORA SULTEPA
CONTAX PARTICIPACOES S.A.;CONTAX;CONTAX
CORREA RIBEIRO S.A. COMERCIO E INDUSTRIA;COR RIBEIRO;CORREA RIBEIRO
COSAN LIMITED;COSAN LTD;COSAN LTD
COSAN S.A. INDUSTRIA E COMERCIO;COSAN;COSAN INDUSTRIA
CPFL ENERGIA S.A.;CPFL ENERGIA;CPFL ENERGIA
PARCOM PARTICIPACOES S.A.;PARCOM PART;PARCOM PARTICIPACOES
CPFL ENERGIAS RENOVAVEIS S.A.;CPFL RENOVAV;CPFL RENOVAVEIS
CPFL GERACAO DE ENERGIA S.A.;CPFL GERACAO;CPFL GERACAO DE ENERGIA
CR2 EMPREENDIMENTOS IMOBILIARIOS S.A.;CR2;CR2 EMPREENDIMENTOS
CREMER S.A.;CREMER;CREMER
CSU CARDSYSTEM S.A.;CSU CARDSYST;CSU
CTEEP - CIA TRANSMISSAO ENERGIA ELETRICA PAULISTA;TRAN PAULIST;CTEEP
CTX PARTICIPACOES S.A.;CTX PART;CTX PARTICIPACOES
CYRELA BRAZIL REALTY S.A.EMPREEND E PART;CYRELA REALT;CYRELA REALTY
CYRELA COMMERCIAL PROPERT S.A. EMPR PART;CYRE COM-CCP;CYRELA COMMERCIAL
DALETH PARTICIPACOES S.A.;DALETH PART;DALETH PARTICIPACOES
DESENVIX ENERGIAS RENOVAVEIS S.A.;DESENVIX;DESENVIX ENERGIA
DHB INDUSTRIA E COMERCIO S.A.;D H B;DHB
DIAGNOSTICOS DA AMERICA S.A.;DASA;DASA
DIBENS LEASING S.A. - ARREND.MERCANTIL;DIBENS LSG;DIBENS LEASING
DIMED S.A. DISTRIBUIDORA DE MEDICAMENTOS;DIMED;DIMED DISTRIBUIDORA
DINAMICA ENERGIA S.A.;DINAMICA ENE;DINAMICA ENERGIA
DIRECIONAL ENGENHARIA S.A.;DIRECIONAL;DIRECIONAL ENGENHARIA
DOCAS INVESTIMENTOS S.A.;DOCAS;DOCAS INVESTIMENTOS
DOHLER S.A.;DOHLER;dohler
DOMMO EMPREENDIMENTOS IMOBILIARIOS S.A.;DOMMO EMPR;dommo
DTCOM - DIRECT TO COMPANY S.A.;DTCOM-DIRECT;dtcom
DUFRY A.G.;DUFRY AG;dufry
DUKE ENERGY INT. GER. PARANAPANEMA S.A.;GER PARANAP;duke energy
DURATEX S.A.;DURATEX;duratex
EBX BRASIL S.A.;EBX BRASIL;ebx
ECO SECURITIZADORA DIREITOS CRED AGRONEGOCIO S.A.;ECO SEC AGRO;ecoagro
ECORODOVIAS CONCESSOES E SERVICOS S.A.;ECON;ecorodovias
ECORODOVIAS INFRAESTRUTURA E LOGISTICA S.A.;ECORODOVIAS;ecorodovias
EDP - ENERGIAS DO BRASIL S.A.;ENERGIAS BR;edp
ELECTRO ACO ALTONA S.A.;ACO ALTONA;altona
ELEKEIROZ S.A.;ELEKEIROZ;elekeiroz
RJCP EQUITY S.A.;RJCP EQUITY;RJCP EQUITY
ELEKTRO - ELETRICIDADE E SERVICOS S.A.;ELEKTRO;elektro
ELETROBRAS PARTICIPACOES S.A. - ELETROPAR;ELETROPAR;ELETROPAR
ELETRON S.A.;ELETRON;ELETRON
ELETROPAULO METROP. ELET. SAO PAULO S.A.;ELETROPAULO;ELETROPAULO
EMAE - EMPRESA METROP.AGUAS ENERGIA S.A.;EMAE;emae
EMBRAER S.A.;EMBRAER;EMBRAER
EMBRATEL PARTICIPACOES S.A.;EMBRATEL PAR;embratel
EMPRESA CONC RODOV DO NORTE S.A.ECONORTE;ECONORTE;ECONORTE
EMPRESA ENERG MATO GROS.SUL S.A.-ENERSUL;ENERSUL;ENERSUL
EMPRESA NAC COM REDITO PART S.A.ENCORPAR;ENCORPAR;ENCORPAR
ENERGISA S.A.;ENERGISA;ENERGISA
EQUATORIAL ENERGIA S.A.;EQUATORIAL;EQUATORIAL
ESPIRITO SANTO CENTR.ELETR. S.A.-ESCELSA;ESCELSA;ESCELSA
ESTACIO PARTICIPACOES S.A.;ESTACIO PART;ESTACIO PARTICIPACOES
ETERNIT S.A.;ETERNIT;ETERNIT
VIA VAREJO S.A.;VIAVAREJO;VIAVAREJO
EUCATEX S.A. INDUSTRIA E COMERCIO;EUCATEX;EUCATEX
EVEN CONSTRUTORA E INCORPORADORA S.A.;EVEN;EVEN
EVORA S.A.;EVORA;EVORA S.A.
EXCELSIOR ALIMENTOS S.A.;EXCELSIOR;EXCELSIOR ALIMENTOS 
EZ TEC EMPREEND. E PARTICIPACOES S.A.;EZTEC;EZTEC
FABRICA TECIDOS CARLOS RENAUX S.A.;FAB C RENAUX;FAB C RENAUX
FERROVIA CENTRO-ATLANTICA S.A.;FER C ATLANT;FCA
FERTILIZANTES HERINGER S.A.;FER HERINGER;FER HERINGER
FIACAO TEC SAO JOSE S.A.;TECEL S JOSE;TECEL S JOSE
FIBAM COMPANHIA INDUSTRIAL;FIBAM;FIBAM
FIBRA CIA SECURIT. DE CRED. IMOBILIARIOS;FIBRA SEC;FIBRA SEC
FIBRIA CELULOSE S.A.;FIBRIA;FIBRIA
FINANCEIRA ALFA S.A.- CRED FINANC E INVS;ALFA FINANC;financeira alfa
FINANSINOS S.A.- CREDITO FINANC E INVEST;FINANSINOS;FINANSINOS
FLEURY S.A.;FLEURY;FLEURY
FORJAS TAURUS S.A.;FORJA TAURUS;FORJA TAURUS
FORPART S.A.;FORPART;FORPART
FRAS-LE S.A.;FRAS-LE;FRAS-LE
FRIGOL FOODS PARTICIPACOES S.A.;FRIGOL FOODS;FRIGOL FOODS
FUTURETEL S.A.;FUTURETEL;FUTURETEL
GAFISA S.A.;GAFISA;GAFISA
GAIA AGRO SECURITIZADORA S.A.;GAIA AGRO;GAIA AGRO
GAIA SECURITIZADORA S.A.;GAIA SECURIT;GAIA SECURIT
GAMA PARTICIPACOES S.A.;GAMA PART;GAMA PARTICIPACOES
GENERAL SHOPPING BRASIL S.A.;GENERALSHOPP;general shopping
GERDAU S.A.;GERDAU;GERDAU
GOL LINHAS AEREAS INTELIGENTES S.A.;GOL;GOL
GP INVESTMENTS. LTD.;GP INVEST;GP INVEST
GPC PARTICIPACOES S.A.;GPC PART;GPC PARTICIPACOES
GRAZZIOTIN S.A.;GRAZZIOTIN;GRAZZIOTIN
GRENDENE S.A.;GRENDENE;GRENDENE
GRUCAI PARTICIPACOES S.A.;GRUCAI;GRUCAI PARTICIPACOES
GTD PARTICIPACOES S.A.;GTD PART;GTD PARTICIPACOES
GUARARAPES CONFECCOES S.A.;GUARARAPES;Riachuelo
HAGA S.A. INDUSTRIA E COMERCIO;HAGA S/A;HAGA
HARPIA OMEGA PARTICIPACOES S.A.;HARPIA PART;HARPIA OMEGA
HELBOR EMPREENDIMENTOS S.A.;HELBOR;HELBOR EMPREENDIMENTOS
HERCULES S.A. FABRICA DE TALHERES;HERCULES;HERCULES TALHERES
HIDROVIAS DO BRASIL S.A.;HIDROVIAS BR;HIDROVIAS BR
HOPI HARI S.A.;PQ HOPI HARI;HOPI HARI 
HOTEIS OTHON S.A.;HOTEIS OTHON;OTHON 
HRT PARTICIPACOES EM PETROLEO S.A.;HRT PETROLEO;HRT
HYPERMARCAS S.A.;HYPERMARCAS;HYPERMARCAS
IDEIASNET S.A.;IDEIASNET;IDEIASNET
IGB ELETRONICA S/A;IGB S/A;IGB
IGUATEMI EMPRESA DE SHOPPING CENTERS S.A;IGUATEMI;IGUATEMI
IMIGRANTES CIA SEC.DE CRED.IMOBILIARIOS;IMIGRANTES;IMIGRANTES CRED
INDUSTRIAS J B DUARTE S.A.;J B DUARTE;j b duarte
INDUSTRIAS ROMI S.A.;INDS ROMI;INDUSTRIAS ROMI 
INEPAR S.A. INDUSTRIA E CONSTRUCOES;INEPAR;INEPAR CONSTRUCOES
INEPAR TELECOMUNICACOES S.A.;INEPAR TEL;inepar telecomunicações
INFRASEC SECURITIZADORA S.A.;INFRASEC;INFRASEC SECURITIZADORA
INTERNATIONAL MEAL COMPANY HOLDINGS S.A.;IMC HOLDINGS;IMC
INVESTCO S.A.;INVESTCO;INVESTCO
INVESTIMENTOS BEMGE S.A.;INVEST BEMGE;BEMGE
INVESTIMENTOS E PARTICIP. EM INFRA S.A. - INVEPAR;INVEPAR;INVEPAR INFRA
INVITEL LEGACY S.A.;INVIT LEGACY;INVIT LEGACY
IOCHPE MAXION S.A.;IOCHP-MAXION;IOCHPE
ISEC SECURITIZADORA S.A.;ISEC;ISEC SECURITIZADORA
ITAITINGA PARTICIPACOES S.A.;ITAITINGA;ITAITINGA PARTICIPACOES
ITAPEBI GERACAO DE ENERGIA S.A.;ITAPEBI;itapebi energia
ITAU UNIBANCO HOLDING S.A.;ITAU;UNIBANCO
ITAUSA INVESTIMENTOS ITAU S.A.;ITAUSA;ITAUSA INVESTIMENTOS
ITAUTEC S.A. - GRUPO ITAUTEC;ITAUTEC;GRUPO ITAUTEC
J. MACEDO S.A.;J.MACEDO;J.MACEDO
JBS S.A.;JBS;JBS-brasil
JEREISSATI PARTICIPACOES S.A.;JEREISSATI;JEREISSATI PARTICIPACOES
JEREISSATI TELECOM S.A.;LA FONTE TEL;LA FONTE
JHSF PARTICIPACOES S.A.;JHSF PART;JHSF
JOAO FORTES ENGENHARIA S.A.;JOAO FORTES;J. F. ENGENHARIA
JOSAPAR-JOAQUIM OLIVEIRA S.A. - PARTICIP;JOSAPAR;JOSAPAR
JSL S.A.;JSL;GRUPO JSL
KARSTEN S.A.;KARSTEN;karsten decor
KEPLER WEBER S.A.;KEPLER WEBER;KEPLER WEBER
KLABIN S.A.;KLABIN S/A;KLABIN
LPS BRASIL - CONSULTORIA DE IMOVEIS S.A.;LOPES BRASIL;LPS BRASIL
KROTON EDUCACIONAL S.A.;KROTON;KROTON EDUCACIONAL
LAEP INVESTMENTS LTD.;LAEP;LAEP INVESTMENTS
LARK S.A. MAQUINAS E EQUIPAMENTOS;LARK MAQS;LARK S.A.
LATAM AIRLINES GROUP;LATAM AIRLN;GRUPO LATAM AIRLINES 
LF TEL S.A.;LF TEL;LF
LIGHT S.A.;LIGHT S/A;LIGHT S.A.
LIGHT SERVICOS DE ELETRICIDADE S.A.;LIGHT;LIGHT SERVICOS
LINX S.A.;LINX;LINX microvix
LITEL PARTICIPACOES S.A.;LITEL;LITEL PARTICIPACOES
LLX LOGISTICA S.A.;LLX LOG;llxl3
LOCALIZA RENT A CAR S.A.;LOCALIZA;LOCALIZA
LOG-IN LOGISTICA INTERMODAL S.A.;LOG-IN;LOG-IN LOGISTICA
LOJAS AMERICANAS S.A.;LOJAS AMERIC;LOJAS AMERICANAS
LOJAS HERING S.A.;LOJAS HERING;HERING
LOJAS RENNER S.A.;LOJAS RENNER;CIA. RENNER
LONGDIS S.A.;LONGDIS;LONGDIS sa
LUPATECH S.A.;LUPATECH;LUPATECH
M G POLIESTER S.A.;M G POLIEST;M&G POLIESTER
M.DIAS BRANCO S.A. IND COM DE ALIMENTOS;M.DIASBRANCO;M. DIAS BRANCO 
MAGAZINE LUIZA S.A.;MAGAZ LUIZA;MAGAZINE LUIZA
MAGNESITA REFRATARIOS S.A.;MAGNESITA SA;MAGNESITA
MAHLE-METAL LEVE S.A.;METAL LEVE;MAHLE
MANABI S.A.;MANABI;MANABI S/A
MANGELS INDUSTRIAL S.A.;MANGELS INDL;MANGELS
MANUFATURA DE BRINQUEDOS ESTRELA S.A.;ESTRELA;BRINQUEDOS ESTRELA
MAORI S.A.;MAORI;MAORI S/A
MARCOPOLO S.A.;MARCOPOLO;MARCOPOLO S/A
MARFRIG ALIMENTOS S/A;MARFRIG;MARFRIG GROUP
MARISA LOJAS S.A.;LOJAS MARISA;MARISA
MENDES JUNIOR ENGENHARIA S.A.;MENDES JR;MJ ENGENHARIA
MERCANTIL BRASIL FINANC S.A. C.F.I.;MERC FINANC;MERCANTIL BRASIL
METALFRIO SOLUTIONS S.A.;METALFRIO;METALFRIO SOLUTIONS
METALGRAFICA IGUACU S.A.;METAL IGUACU;METALGRAFICA IGUACU
METALURGICA DUQUE S.A.;MET DUQUE;METALGRAFICA
METALURGICA GERDAU S.A.;GERDAU MET;GERDAU
METALURGICA RIOSULENSE S.A.;RIOSULENSE;RIOSULENSE 
METISA METALURGICA TIMBOENSE S.A.;METISA;METALURGICA TIMBOENSE
MGI - MINAS GERAIS PARTICIPACOES S.A.;MGI PARTICIP;MGI 
MILLENNIUM INORGANIC CHEMICALS BR S.A.;MILLENNIUM;MILLENNIUM INORGANIC
MILLS ESTRUTURAS E SERVICOS DE ENGENHARIA S.A.;MILLS;MILLS ENGENHARIA
MINASMAQUINAS S.A.;MINASMAQUINA;MINASMAQUINA
MINERVA S.A.;MINERVA;MINERVA foods
MINUPAR PARTICIPACOES S.A.;MINUPAR;MINUPAR PARTICIPACOES
MMX MINERACAO E METALICOS S.A.;MMX MINER;MMX
MONTEIRO ARANHA S.A.;MONT ARANHA;GRUPO MONTEIRO ARANHA
MONTICIANO PARTICIPACOES S.A.;MONTICIANO;MONTICIANO PARTICIPACOES
MPX ENERGIA S.A.;MPX ENERGIA;MPX
MRS LOGISTICA S.A.;MRS LOGIST;MRS
MRV ENGENHARIA E PARTICIPACOES S.A.;MRV;MRV ENGENHARIA
MULTIPLAN - EMPREEND IMOBILIARIOS S.A.;MULTIPLAN;multiplan empreendimentos
MULTIPLUS S.A.;MULTIPLUS;MULTIPLUS
MUNDIAL S.A. - PRODUTOS DE CONSUMO;MUNDIAL S.A;MUNDIAL S.A
NADIR FIGUEIREDO IND E COM S.A.;NADIR FIGUEI;NADIR FIGUEIREDO 
NANTES PARTICIPACOES S.A.;NANTES PART;NANTES PARTICIPACOES
NAOMI PARTICIPACOES S.A.;NAOMI PART;NAOMI
NATURA COSMETICOS S.A.;NATURA;NATURA COSMETICOS
NEOENERGIA S.A.;NEOENERGIA;NEOENERGIA
NET SERVICOS DE COMUNICACAO S.A.;NET;NET SERVICOS
NEWTEL PARTICIPACOES S.A.;NEWTEL PART;NEWTEL PARTICIPACOES
NISA PARTICIPACOES S.A.;NISA PART;NISA PARTICIPACOES
NOAH PARTICIPACOES S.A.;NOAH PART;noah participações
NORDON INDUSTRIAS METALURGICAS S.A.;NORDON MET;NORDON
NORTEC QUIMICA S.A.;NORTCQUIMICA;NORTEC
NOVA ACAO PARTICIPACOES S.A.;NOVA ACAO PA;NOVA ACAO PARTICIPACOES
NOVA SECURITIZACAO S.A.;NOVA SECURIT;NOVA SECURITIZACAO
NUMERAL 80 PARTICIPACOES S.A.;SANTOS BRAS;NUMERAL 80
NUTRIPLANT INDUSTRIA E COMERCIO S.A.;NUTRIPLANT;NUTRIPLANT
OCTANTE SECURITIZADORA S.A.;OCTANTE SEC;OCTANTE
ODONTOPREV S.A.;ODONTOPREV;ODONTOPREV
OGX PETROLEO E GAS PARTICIPACOES S.A.;OGX PETROLEO;OGX PETROLEO
OI S.A.;OI;OI
OPPORTUNITY ENERGIA E PARTICIPACOES S.A.;OPPORT ENERG;OPPORTUNITY ENERGIA
OSX BRASIL S.A.;OSX BRASIL;OSX BRASIL
PACIFIC RUBIALES ENERGY CORP.;PACIFIC RUB;PACIFIC
PANATLANTICA S.A.;PANATLANTICA;PANATLANTICA
PARANA BCO S.A.;PARANA;PARANA BANCO
PARANAPANEMA S.A.;PARANAPANEMA;PARANAPANEM
PATRIA CIA SECURITIZADORA DE CRED IMOB;PATRIA SEC;PATRIA SECURITIZADORA
PDG COMPANHIA SECURITIZADORA;PDG SECURIT;PDG SECURITIZADORA
PDG REALTY S.A. EMPREEND E PARTICIPACOES;PDG REALT;PDG REALTY
PETROLEO BRASILEIRO S.A. PETROBRAS;PETROBRAS;Petrobras
PETTENATI S.A. INDUSTRIA TEXTIL;PETTENATI;PETTENATI INDUSTRIA
PLASCAR PARTICIPACOES INDUSTRIAIS S.A.;PLASCAR PART;PLASCAR PARTICIPACOES
POLO CAPITAL SECURITIZADORA S.A;POLO CAP SEC;POLO CAPITAL
POLPAR S.A.;POLPAR;POLPAR
PORTO SEGURO S.A.;PORTO SEGURO;PORTO SEGURO SEGUROS
PORTOBELLO S.A.;PORTOBELLO;PORTOBELLO
POSITIVO INFORMATICA S.A.;POSITIVO INF;POSITIVO INFORMATICA
PRO METALURGIA S.A.;PRO METALURG;PRO METALURGIA
PRODUTORES ENERGET.DE MANSO S.A.- PROMAN;PROMAN;PROMAN
PROFARMA DISTRIB PROD FARMACEUTICOS S.A.;PROFARMA;PROFARMA DISTRIBUIDORA
PROMPT PARTICIPACOES S.A.;PROMPT PART;PROMPT PARTICIPACOES
QGEP PARTICIPACOES S.A.;QGEP PART;QGEP PARTICIPACOES
QUALICORP S.A.;QUALICORP;QUALICORP
RAIA DROGASIL S.A.;RAIADROGASIL;RAIA DROGASIL
RANDON S.A. IMPLEMENTOS E PARTICIPACOES;RANDON PART;RANDON PARTICIPACOES
RB CAPITAL COMPANHIA DE SECURITIZACAO;RBCAPITALRES;RB CAPITAL RES
RB CAPITAL SECURITIZADORA S.A.;RBCAPITALSEC;RB CAPITAL SEC
RECRUSUL S.A.;RECRUSUL;RECRUSUL
REDE ENERGIA S.A.;REDE ENERGIA;REDE ENERGIA
REDENTOR ENERGIA S.A.;REDENTOR;REDENTOR ENERGIA
REFINARIA DE PETROLEOS MANGUINHOS S.A.;PET MANGUINH;MANGUINHOS
RENAR MACAS S.A.;RENAR;RENAR MARCAS
RENOVA ENERGIA S.A.;RENOVA;RENOVA ENERGIA
RESTOQUE COMERCIO E CONFECCOES DE ROUPAS S.A.;LE LIS BLANC;RESTOQUE S.A.
RET PARTICIPACOES S.A.;RET PART;RET PARTICIPACOES
RIO GRANDE ENERGIA S.A.;RIO GDE ENER;RGE
RODOBENS NEGOCIOS IMOBILIARIOS S.A.;RODOBENSIMOB;RODOBENS
RODOVIAS DAS COLINAS S.A.;ROD COLINAS;RODOVIAS COLINAS
ROSSI RESIDENCIAL S.A.;ROSSI RESID;ROSSI RESIDENCIAL
SAM INDUSTRIAS S.A.;SAM INDUSTR;SAM INDUSTRIAS
SANESALTO SANEAMENTO S.A.;SANESALTO;SANESALTO SANEAMENTO
SANSUY S.A. INDUSTRIA DE PLASTICOS;SANSUY;SANSUY PLASTICOS
SANTHER FAB DE PAPEL STA THEREZINHA S.A.;SANTHER;SANTHER PAPEL
SANTOS BRASIL PARTICIPACOES S.A.;SANTOS BRP;SANTOS BRASIL
SAO CARLOS EMPREEND E PARTICIPACOES S.A.;SAO CARLOS;SAO CARLOS EMPREENDIMENTO
SAO MARTINHO S.A.;SAO MARTINHO;SAO MARTINHO
SAO PAULO TURISMO S.A.;SPTURIS;SP TURIS
SARAIVA S.A. LIVREIROS EDITORES;SARAIVA LIVR;SARAIVA
SAUIPE S.A.;SAUIPE;SAUIPE
SCHULZ S.A.;SCHULZ;SCHULZ
SELECTPART PARTICIPACOES S.A.;SELECTPART;SELECTPART
SENIOR SOLUTION S.A.;SENIOR SOL;SENIOR SOLUTION
SERGEN SERVICOS GERAIS DE ENG S.A.;SERGEN;SERGEN ENGENHARIA
SETIBA PARTICIPACOES S.A.;SETIBA PART;SETIBA
SIDERURGICA J. L. ALIPERTI S.A.;ALIPERTI;SIDERURGICA ALIPERTI
SLC AGRICOLA S.A.;SLC AGRICOLA;SLC AGRICOLA
SMILES S.A.;SMILES;SMILES
SOLVAY INDUPA S.A.I.C.;SOLVAYINDUPA;SOLVAY
SONAE SIERRA BRASIL S.A.;SIERRABRASIL;SIERRA BRASIL
SONDOTECNICA ENGENHARIA SOLOS S.A.;SONDOTECNICA;SONDOTECNICA ENGENHARIA
SOUZA CRUZ S.A.;SOUZA CRUZ;SOUZA CRUZ
SPRINGER S.A.;SPRINGER;SPRINGER
SPRINGS GLOBAL PARTICIPACOES S.A.;SPRINGS;SPRINGS
SUBESTACAO ELETROMETRO S.A.;SUBESTACAO;SUBESTACAO ELETROMETRO
SUDESTE S.A.;SUDESTE S/A;SUDESTE S/A
SUL 116 PARTICIPACOES S.A.;SUL 116 PART;SUL 116 PARTICIPACOES
SUL AMERICA S.A.;SUL AMERICA;SUL AMERICA
SUZANO HOLDING S.A.;SUZANO HOLD;SUZANO HOLDING
SUZANO PAPEL E CELULOSE S.A.;SUZANO PAPEL;SUZANO PAPEL
T4F ENTRETENIMENTO S.A.;TIME FOR FUN;TIME FOR FUN
TAIPE TRANCOSO EMPREENDIMENTOS S.A.;TAIPE;TAIPE
TARPON INVESTIMENTOS S.A.;TARPON INV;TARPON
TC SECURITIES CIA DE SECURITIZACAO;TC SECURIT;TC SECURITIES
TEC TOY S.A.;TECTOY;TECTOY
TECBLU TECELAGEM BLUMENAU S.A.;TEC BLUMENAU;TECELAGEM BLUMENAU
TECHNOS S.A.;TECHNOS;TECHNOS
TECNISA S.A.;TECNISA;TECNISA
TECNOSOLO ENGENHARIA S.A.;TECNOSOLO;TECNOSOLO
TEGMA GESTAO LOGISTICA S.A.;TEGMA;TEGMA
TEKA-TECELAGEM KUEHNRICH S.A.;TEKA;TEKA
TEKNO S.A. - INDUSTRIA E COMERCIO;TEKNO;TEKNO
TELEC BRASILEIRAS S.A. TELEBRAS;TELEBRAS;TELEBRAS
TELEFONICA BRASIL S.A;TELEF BRASIL;telefonica
TELEMAR PARTICIPACOES S.A.;TELEMAR PART;TELEMAR
TELINVEST S.A.;TELINVEST;TELINVEST
TEMPO PARTICIPACOES S.A.;TEMPO PART;TEMPO PARTICIPACOES
TEREOS INTERNACIONAL S.A.;TEREOS;TEREOS
TERMINAIS PORTUARIOS PONTA DO FELIX S.A.;TERMIN PORT;TERMINAIS PONTA DO FELIX
TERMINAL GARAGEM MENEZES CORTES S.A.;MENEZES CORT;GARAGEM MENEZES
TERMOPERNAMBUCO S.A.;TERMOPE;TERMOPE
TEXTIL RENAUXVIEW S.A.;TEX RENAUX;RenauxView
TGLT S.A;TGLT;TGLT
TIM PARTICIPACOES S.A.;TIM PART S/A;TIM PARTICIPACOES
TOTVS S.A.;TOTVS;TOTVS
TPI - TRIUNFO PARTICIP. E INVEST. S.A.;TRIUNFO PART;TRIUNFO PARTICIPACOES
TRACTEBEL ENERGIA S.A.;TRACTEBEL;TRACTEBEL
TRANSMISSORA ALIANCA DE ENERGIA ELETRICA S.A.;TAESA;TAESA
TREVISA INVESTIMENTOS S.A.;TREVISA;TREVISA
TRIANGULO DO SOL AUTO-ESTRADAS S.A.;TRIANGULOSOL;TRIANGULO DO SOL
TRISUL S.A.;TRISUL;TRISUL
TUPY S.A.;TUPY;TUPY
ULTRAPAR PARTICIPACOES S.A.;ULTRAPAR;ULTRAPAR
UNI CIDADE SP TRUST DE RECEBIVEIS S.A.;UNI CIDADE;UNI CIDADE
UNICASA INDUSTRIA DE MOVEIS S.A.;UNICASA;UNICASA
UNIDAS S.A.;UNIDAS;UNIDAS
UNIPAR PARTICIPACOES S.A.;UNIPAR;UNIPAR
UNIVERCIDADE TRUST DE RECEBIVEIS S.A.;UNIVERCIDADE;Univercidade Trust
UPTICK PARTICIPACOES S.A.;UPTICK;UPTICK
USINAS SID DE MINAS GERAIS S.A.-USIMINAS;USIMINAS;USIMINAS
VALE S.A.;VALE;vale
VALETRON S.A.;VALETRON;VALETRON
VALID SOLUCOES E SERV. SEG. MEIOS PAG. IDENT. S.A.;VALID;Valid
VANGUARDA AGRO S.A.;V-AGRO;VANGUARDA AGRO
VICUNHA TEXTIL S.A.;VICUNHA TEXT;VICUNHA TEXTIL 
VIGOR ALIMENTOS S.A.;VIGOR FOOD;VIGOR ALIMENTOS
VISION SECURITIZADORA S.A.;VISION SEC;VISION SECURITIZADORA
VIVER INCORPORADORA E CONSTRUTORA S.A.;VIVER;VIVER INCORPORADORA
VULCABRAS/AZALEIA S.A.;VULCABRAS;VULCABRAS
WEG S.A.;WEG;WEG
WEMBLEY SOCIEDADE ANONIMA;WEMBLEY;WEMBLEY
WETZEL S.A.;WETZEL S/A;WETZEL
WHIRLPOOL S.A.;WHIRLPOOL;WHIRLPOOL
WIEST S.A.;WIEST;WIEST
WILSON SONS LTD.;WILSON SONS;WILSON SONS
WLM - INDUSTRIA E COMERCIO S.A.;WLM IND COM;WLM INDUSTRIA
WTORRE PIC SECURITIZADORA CRED IMOB S.A.;WTORRE PIC;WTORRE SECURITIZADORA
XX DE NOVEMBRO INVESTIMENTOS E PARTICIPACOES S.A.;XX NOVEMBRO;XX DE NOVEMBRO INVESTIMENTOS
ZAIN PARTICIPACOES S.A.;ZAIN PART;ZAIN PARTICIPACOES
